{
  "GSD-STYLE.md": 1776954144.0574603,
  "PROJECT_RULES.md": 1776954144.0574603,
  "raw\\krishna_context.txt": 1776954061.8395362,
  "raw\\Resume.pdf": 1776953705.314187
}